script,score
"Indulge in SpiceTrail Catering: 15 years of culinary excellence in Chennai. South Indian heritage meets global fusion, crafting unforgettable moments. Elevate your next event; book your exquisite experience today.",7.12
Experience the flavor. Celebrate with heart. Call now.,8.85
"Just food? Never. SpiceTrail crafts memories, one plate at a time. Discover the taste of tradition.",8.2
"Chennai’s finest catering, now at your service. Celebrate with style and spice. Contact SpiceTrail today!",7.8
"Hosting a wedding or event? SpiceTrail makes it delicious. Let’s make memories, one plate at a time.",6.47
"Unforgettable flavors, seamless service. SpiceTrail brings global fusion to your table. Book your culinary experience now.",6.47
Tradition meets innovation. SpiceTrail delights your guests. Reserve today.,6.17
"From kitchens to celebrations, SpiceTrail delivers joy. Serve memories, not just meals. Reach out today.",8.6
"Fine dining, local soul. Chennai’s top catering at your doorstep. Call SpiceTrail now!",7.8
"From South Indian to global, taste it all. SpiceTrail serves flavor with flair. Book your date.",8.12
Savor heritage and elegance with every bite. SpiceTrail redefines catering. Your event deserves the best.,6.06
"Celebrate love, life, and food with SpiceTrail. Crafted menus for crafted moments. Book now.",8.91
SpiceTrail: Where tradition meets taste. Let’s make your next event unforgettable.,8.5
Turn plates into conversations. Turn meals into memories. Go with SpiceTrail.,6.64
"One event, countless compliments. SpiceTrail is your secret. Schedule your tasting today.",6.55
Sophistication served hot. Chennai’s trusted catering partner. Let’s plan your menu.,6.55
"Delightful dishes, warm service. That’s the SpiceTrail promise. Book with confidence.",6.91
"Authentic, creative, and always delicious. Trust SpiceTrail for your big day. Contact us now.",7.57
Create magic with every meal. SpiceTrail makes it happen. Don’t wait—book today.,7.3
"Global flair, local heart. SpiceTrail blends tradition and trend. Your guests will thank you.",6.87
Catering beyond expectations. SpiceTrail crafts experiences. Call to reserve your spot.,7.84
Chennai’s choice for elegant events. SpiceTrail delivers excellence. Let's celebrate together.,6.42
Life’s moments deserve great food. SpiceTrail is your flavor partner. Book your dream menu.,6.88
Memorable meals for unforgettable events. That’s our mission at SpiceTrail. Join us.,7.1
From backyard parties to ballroom banquets. SpiceTrail fits every vibe. Schedule now.,7.37
Let your tastebuds travel. SpiceTrail brings the world to your plate. Reach out today.,8.36
Every dish tells a story. SpiceTrail writes yours in spice. Ready to create together?,6.6
"Catering, perfected. Crafted menus and heartfelt service. SpiceTrail is your solution.",7.54
"Full plates, happy hearts. SpiceTrail is made for celebrations. Let’s get started.",7.78
"Elegant, efficient, unforgettable. SpiceTrail handles it all. Make the call today.",6.14
